{"stats":{"minecraft:killed_by":{"undead_revamp2:thespitter":1},"minecraft:used":{"minecraft:moss_block":8,"minecraft:stone_pickaxe":123,"minecraft:ladder":11,"minecraft:shield":5,"minecraft:iron_sword":11,"minecraft:rotten_flesh":3,"minecraft:glow_berries":2,"minecraft:dirt":3,"minecraft:crafting_table":2,"minecraft:white_bed":1,"minecraft:flowering_azalea":1,"minecraft:iron_pickaxe":587,"minecraft:spore_blossom":2,"minecraft:cobblestone":26,"minecraft:bow":3,"minecraft:furnace":2,"minecraft:cobbled_deepslate":7},"minecraft:broken":{"minecraft:stone_pickaxe":1,"minecraft:iron_pickaxe":2},"minecraft:dropped":{"minecraft:iron_ingot":59,"minecraft:lapis_lazuli":15,"minecraft:iron_nugget":7,"minecraft:diamond":4,"minecraft:granite":44,"minecraft:coal":11,"minecraft:emerald":10,"minecraft:dirt":1,"minecraft:spruce_planks":2,"minecraft:gold_ingot":1},"minecraft:custom":{"minecraft:interact_with_furnace":22,"minecraft:mob_kills":4,"minecraft:interact_with_crafting_table":15,"minecraft:time_since_death":16817,"minecraft:sleep_in_bed":2,"minecraft:climb_one_cm":5428,"minecraft:time_since_rest":5604,"minecraft:sprint_one_cm":71857,"minecraft:damage_taken":379,"minecraft:walk_one_cm":162670,"minecraft:damage_blocked_by_shield":135,"minecraft:drop":11,"minecraft:damage_dealt":500,"minecraft:swim_one_cm":13561,"minecraft:fly_one_cm":20674,"minecraft:open_chest":8,"minecraft:crouch_one_cm":2444,"minecraft:play_time":51445,"minecraft:deaths":1,"minecraft:sneak_time":1916,"minecraft:walk_under_water_one_cm":3920,"minecraft:jump":510,"minecraft:walk_on_water_one_cm":12036,"minecraft:total_world_time":51445,"minecraft:fall_one_cm":5683},"minecraft:killed":{"minecraft:skeleton":2,"undead_revamp2:theordure":1,"minecraft:glow_squid":1},"minecraft:mined":{"undead_revamp2:arapholia":2,"minecraft:large_amethyst_bud":1,"minecraft:spruce_planks":2,"minecraft:flowering_azalea":3,"minecraft:deepslate_diamond_ore":4,"minecraft:medium_amethyst_bud":1,"minecraft:amethyst_cluster":13,"minecraft:crafting_table":2,"minecraft:clay":1,"minecraft:ladder":1,"minecraft:granite":22,"minecraft:grass_block":1,"minecraft:calcite":23,"minecraft:tall_grass":1,"minecraft:cobblestone":2,"minecraft:spruce_leaves":2,"minecraft:lapis_ore":2,"minecraft:moss_block":13,"minecraft:diorite":86,"minecraft:amethyst_block":19,"minecraft:spore_blossom":2,"minecraft:furnace":2,"minecraft:iron_ore":69,"minecraft:cobbled_deepslate":1,"minecraft:andesite":42,"minecraft:coal_ore":22,"minecraft:deepslate_iron_ore":1,"minecraft:dirt":4,"minecraft:packed_ice":5,"minecraft:smooth_basalt":14,"minecraft:azalea":1,"minecraft:stone":288,"minecraft:deepslate":87},"minecraft:crafted":{"minecraft:crafting_table":1,"minecraft:iron_sword":1,"minecraft:air":0,"minecraft:iron_boots":1,"minecraft:shield":1,"minecraft:iron_ingot":70,"minecraft:iron_pickaxe":3,"minecraft:white_bed":1},"minecraft:picked_up":{"minecraft:charcoal":1,"minecraft:crafting_table":2,"minecraft:ladder":16,"minecraft:clay_ball":8,"minecraft:glow_ink_sac":3,"minecraft:andesite":84,"minecraft:filled_map":1,"minecraft:shield":1,"minecraft:amethyst_block":37,"minecraft:gray_concrete":3,"minecraft:lapis_lazuli":24,"minecraft:dirt":6,"minecraft:bone":8,"minecraft:bow":2,"minecraft:cobbled_deepslate":172,"minecraft:spruce_planks":24,"minecraft:spore_blossom":3,"minecraft:stone_pickaxe":1,"minecraft:iron_ingot":24,"minecraft:azalea":2,"minecraft:calcite":46,"minecraft:iron_pickaxe":1,"minecraft:moss_block":19,"minecraft:iron_sword":1,"minecraft:flowering_azalea":6,"minecraft:iron_boots":1,"minecraft:furnace":3,"minecraft:raw_iron":70,"minecraft:stick":9,"minecraft:smooth_basalt":28,"minecraft:cooked_porkchop":3,"minecraft:amethyst_shard":96,"minecraft:spruce_sapling":5,"minecraft:diorite":170,"minecraft:arrow":19,"minecraft:rotten_flesh":6,"minecraft:diamond":8,"minecraft:granite":66,"minecraft:glow_berries":2,"undead_revamp2:arapholia":2,"minecraft:coal":33,"minecraft:cobblestone":560}},"DataVersion":3465}