{"stats":{"minecraft:killed_by":{"minecraft:skeleton":1,"undead_revamp2:thespitter":1},"minecraft:used":{"minecraft:moss_block":8,"minecraft:stone_pickaxe":123,"minecraft:ladder":11,"minecraft:shield":5,"minecraft:iron_sword":15,"minecraft:cooked_salmon":1,"minecraft:rotten_flesh":3,"minecraft:glow_berries":2,"minecraft:dirt":3,"cgm:workbench":1,"minecraft:crafting_table":2,"minecraft:white_bed":1,"minecraft:gray_concrete":2,"minecraft:flowering_azalea":3,"minecraft:bread":2,"minecraft:iron_pickaxe":594,"minecraft:spore_blossom":2,"minecraft:cobblestone":26,"minecraft:bow":3,"minecraft:furnace":2,"undead_revamp2:arapholia":1,"minecraft:cobbled_deepslate":16},"minecraft:broken":{"minecraft:stone_pickaxe":1,"minecraft:iron_pickaxe":2},"minecraft:dropped":{"minecraft:iron_ingot":59,"cgm:pistol":1,"minecraft:lapis_lazuli":15,"minecraft:iron_nugget":7,"minecraft:diamond":4,"minecraft:clay_ball":4,"minecraft:granite":44,"minecraft:coal":11,"minecraft:emerald":10,"minecraft:gray_concrete":8,"minecraft:dirt":1,"minecraft:spruce_planks":2,"minecraft:gold_ingot":1},"minecraft:custom":{"minecraft:interact_with_furnace":24,"minecraft:mob_kills":6,"minecraft:interact_with_crafting_table":17,"minecraft:leave_game":1,"minecraft:time_since_death":453,"minecraft:sleep_in_bed":2,"minecraft:climb_one_cm":6296,"minecraft:time_since_rest":544,"minecraft:sprint_one_cm":115125,"minecraft:damage_taken":697,"minecraft:walk_one_cm":219892,"minecraft:damage_blocked_by_shield":135,"minecraft:drop":14,"minecraft:damage_dealt":700,"minecraft:swim_one_cm":17830,"minecraft:fly_one_cm":74795,"minecraft:open_chest":16,"minecraft:crouch_one_cm":2617,"minecraft:play_time":66689,"minecraft:deaths":2,"minecraft:sneak_time":2091,"minecraft:walk_under_water_one_cm":6436,"minecraft:jump":751,"minecraft:walk_on_water_one_cm":14788,"minecraft:total_world_time":66689,"minecraft:fall_one_cm":8504},"minecraft:killed":{"minecraft:spider":1,"minecraft:skeleton":2,"undead_revamp2:theordure":1,"minecraft:chicken":1,"minecraft:glow_squid":1},"minecraft:mined":{"undead_revamp2:arapholia":5,"minecraft:gray_concrete":6,"minecraft:large_amethyst_bud":1,"minecraft:spruce_planks":4,"minecraft:flowering_azalea":3,"minecraft:brown_mushroom":5,"minecraft:deepslate_diamond_ore":4,"minecraft:medium_amethyst_bud":1,"minecraft:amethyst_cluster":13,"minecraft:crafting_table":2,"minecraft:clay":1,"minecraft:ladder":1,"minecraft:granite":22,"minecraft:grass_block":1,"minecraft:calcite":23,"minecraft:tall_grass":1,"minecraft:cobblestone":2,"minecraft:spruce_leaves":2,"minecraft:lapis_ore":2,"minecraft:moss_block":13,"minecraft:diorite":86,"minecraft:amethyst_block":19,"minecraft:spore_blossom":2,"minecraft:furnace":2,"minecraft:iron_ore":69,"minecraft:cobbled_deepslate":2,"minecraft:andesite":42,"minecraft:coal_ore":22,"minecraft:deepslate_iron_ore":1,"minecraft:sand":9,"minecraft:dirt":4,"minecraft:packed_ice":5,"minecraft:smooth_basalt":14,"minecraft:azalea":1,"minecraft:stone":288,"minecraft:deepslate":87,"minecraft:fern":1},"minecraft:crafted":{"minecraft:crafting_table":1,"minecraft:iron_sword":1,"minecraft:air":0,"minecraft:iron_boots":1,"minecraft:shield":1,"minecraft:iron_ingot":70,"minecraft:iron_pickaxe":3,"minecraft:white_bed":1,"cgm:workbench":1},"minecraft:picked_up":{"minecraft:charcoal":1,"minecraft:crafting_table":2,"minecraft:feather":2,"minecraft:chicken":1,"minecraft:ladder":16,"minecraft:clay_ball":8,"minecraft:glow_ink_sac":3,"minecraft:andesite":84,"minecraft:brown_mushroom":5,"minecraft:filled_map":1,"minecraft:shield":2,"minecraft:amethyst_block":56,"minecraft:gray_concrete":10,"minecraft:lapis_lazuli":24,"minecraft:string":1,"minecraft:dirt":6,"minecraft:cooked_salmon":5,"minecraft:bone":8,"minecraft:bow":2,"minecraft:cobbled_deepslate":222,"minecraft:spruce_planks":30,"minecraft:spore_blossom":3,"minecraft:stone_pickaxe":1,"minecraft:iron_ingot":24,"minecraft:azalea":3,"minecraft:calcite":69,"minecraft:iron_pickaxe":2,"minecraft:moss_block":19,"minecraft:iron_sword":1,"minecraft:flowering_azalea":6,"minecraft:iron_boots":1,"minecraft:furnace":3,"minecraft:raw_iron":70,"minecraft:stick":11,"minecraft:smooth_basalt":28,"minecraft:cooked_porkchop":3,"minecraft:sweet_berries":3,"minecraft:sand":18,"minecraft:amethyst_shard":96,"minecraft:spruce_sapling":10,"minecraft:diorite":170,"cgm:pistol":1,"minecraft:arrow":19,"minecraft:rotten_flesh":6,"minecraft:diamond":8,"minecraft:granite":66,"minecraft:bread":2,"minecraft:glow_berries":2,"undead_revamp2:arapholia":5,"minecraft:coal":33,"minecraft:cobblestone":560}},"DataVersion":3465}