{"stats":{"minecraft:used":{"minecraft:dirt":2,"minecraft:stone_pickaxe":1},"minecraft:custom":{"minecraft:time_since_rest":3445,"minecraft:open_chest":2,"minecraft:crouch_one_cm":452,"minecraft:play_time":3445,"minecraft:interact_with_furnace":2,"minecraft:sprint_one_cm":9503,"minecraft:damage_taken":50,"minecraft:walk_one_cm":17824,"minecraft:sneak_time":134,"minecraft:jump":29,"minecraft:time_since_death":3445,"minecraft:total_world_time":3445,"minecraft:climb_one_cm":280,"minecraft:fly_one_cm":4566},"minecraft:mined":{"minecraft:dirt":2,"minecraft:spruce_leaves":2,"minecraft:stone":1},"minecraft:picked_up":{"minecraft:stick":7,"minecraft:arrow":8,"minecraft:ladder":3,"minecraft:bow":1,"minecraft:spruce_planks":17,"minecraft:stone_pickaxe":1,"minecraft:dirt":2}},"DataVersion":3465}