{"stats":{"minecraft:used":{"minecraft:stone_pickaxe":123,"minecraft:iron_pickaxe":195,"minecraft:dirt":2,"minecraft:cobblestone":7,"minecraft:crafting_table":2,"minecraft:furnace":2},"minecraft:broken":{"minecraft:stone_pickaxe":1},"minecraft:dropped":{"minecraft:spruce_planks":2},"minecraft:custom":{"minecraft:time_since_rest":15445,"minecraft:interact_with_furnace":9,"minecraft:sprint_one_cm":10467,"minecraft:damage_taken":50,"minecraft:walk_one_cm":44701,"minecraft:drop":1,"minecraft:interact_with_crafting_table":4,"minecraft:fly_one_cm":4566,"minecraft:open_chest":2,"minecraft:crouch_one_cm":452,"minecraft:play_time":15445,"minecraft:sneak_time":134,"minecraft:walk_under_water_one_cm":188,"minecraft:jump":77,"minecraft:walk_on_water_one_cm":685,"minecraft:time_since_death":15445,"minecraft:climb_one_cm":280,"minecraft:total_world_time":15445,"minecraft:fall_one_cm":269},"minecraft:mined":{"minecraft:furnace":1,"minecraft:iron_ore":22,"minecraft:amethyst_cluster":3,"minecraft:andesite":35,"minecraft:crafting_table":1,"minecraft:granite":18,"minecraft:calcite":10,"minecraft:coal_ore":22,"minecraft:dirt":4,"minecraft:cobblestone":1,"minecraft:smooth_basalt":4,"minecraft:spruce_leaves":2,"minecraft:lapis_ore":2,"minecraft:stone":156,"minecraft:diorite":36,"minecraft:amethyst_block":8},"minecraft:crafted":{"minecraft:shield":1,"minecraft:crafting_table":1,"minecraft:iron_ingot":4,"minecraft:iron_pickaxe":1,"minecraft:air":0},"minecraft:picked_up":{"minecraft:crafting_table":1,"minecraft:stick":7,"minecraft:raw_iron":22,"minecraft:smooth_basalt":4,"minecraft:ladder":3,"minecraft:andesite":35,"minecraft:amethyst_shard":12,"minecraft:diorite":36,"minecraft:amethyst_block":8,"minecraft:lapis_lazuli":12,"minecraft:dirt":4,"minecraft:arrow":8,"minecraft:bow":1,"minecraft:spruce_planks":17,"minecraft:granite":18,"minecraft:stone_pickaxe":1,"minecraft:calcite":10,"minecraft:coal":22,"minecraft:cobblestone":160,"minecraft:furnace":2}},"DataVersion":3465}