{"stats":{"minecraft:killed_by":{"undead_revamp2:thespitter":1,"minecraft:skeleton":1},"minecraft:broken":{"minecraft:stone_pickaxe":1,"minecraft:iron_pickaxe":2},"minecraft:used":{"minecraft:moss_block":8,"minecraft:ladder":11,"minecraft:chest":1,"minecraft:shield":6,"minecraft:iron_sword":31,"minecraft:cooked_salmon":4,"minecraft:rotten_flesh":3,"minecraft:torch":11,"minecraft:dirt":3,"cgm:workbench":1,"minecraft:flowering_azalea":3,"minecraft:bow":12,"minecraft:furnace":2,"undead_revamp2:arapholia":1,"minecraft:cobbled_deepslate":16,"minecraft:calcite":3,"minecraft:wheat_seeds":1,"minecraft:stone_pickaxe":123,"minecraft:glow_berries":2,"minecraft:sand":2,"minecraft:crafting_table":2,"minecraft:white_bed":1,"minecraft:gray_concrete":2,"minecraft:spruce_log":1,"minecraft:bread":2,"minecraft:iron_pickaxe":714,"minecraft:spore_blossom":2,"minecraft:cobblestone":28},"minecraft:dropped":{"minecraft:iron_ingot":59,"minecraft:iron_sword":1,"minecraft:black_dye":3,"minecraft:wheat_seeds":1,"minecraft:lapis_lazuli":15,"minecraft:diamond":4,"minecraft:cooked_porkchop":6,"minecraft:granite":44,"minecraft:coal":11,"minecraft:emerald":10,"minecraft:dirt":1,"minecraft:gray_concrete":8,"minecraft:string":8,"minecraft:gold_ingot":1,"minecraft:stone_axe":1,"cgm:pistol":2,"minecraft:sugar_cane":16,"minecraft:iron_nugget":7,"minecraft:clay_ball":4,"minecraft:spruce_planks":2,"minecraft:ladder":12,"minecraft:light_gray_dye":2,"minecraft:stone_pickaxe":1},"minecraft:custom":{"minecraft:mob_kills":10,"minecraft:interact_with_crafting_table":20,"minecraft:climb_one_cm":9406,"minecraft:leave_game":1,"minecraft:time_since_death":24674,"minecraft:sprint_one_cm":162760,"minecraft:walk_one_cm":334594,"minecraft:damage_blocked_by_shield":165,"minecraft:drop":27,"minecraft:play_time":90910,"minecraft:deaths":2,"minecraft:sneak_time":2091,"minecraft:walk_under_water_one_cm":7748,"minecraft:jump":1097,"minecraft:walk_on_water_one_cm":16175,"minecraft:total_world_time":90910,"minecraft:interact_with_furnace":26,"minecraft:sleep_in_bed":2,"minecraft:time_since_rest":24765,"minecraft:damage_taken":808,"minecraft:damage_dealt":1429,"minecraft:swim_one_cm":21642,"minecraft:fly_one_cm":121204,"minecraft:player_kills":1,"minecraft:open_chest":21,"minecraft:crouch_one_cm":2617,"minecraft:fall_one_cm":11775},"minecraft:killed":{"minecraft:spider":1,"undead_revamp2:thesmoker":1,"minecraft:skeleton":3,"minecraft:chicken":1,"undead_revamp2:the_moonflower":1,"minecraft:creeper":1,"undead_revamp2:theordure":1,"minecraft:glow_squid":1},"minecraft:mined":{"undead_revamp2:arapholia":6,"minecraft:large_amethyst_bud":1,"minecraft:tuff":17,"minecraft:spruce_planks":4,"minecraft:deepslate_diamond_ore":4,"minecraft:ladder":1,"minecraft:granite":22,"minecraft:grass_block":1,"minecraft:spruce_leaves":6,"minecraft:moss_block":14,"minecraft:red_mushroom":3,"minecraft:large_fern":1,"minecraft:spore_blossom":2,"minecraft:furnace":2,"minecraft:iron_ore":69,"minecraft:cobbled_deepslate":2,"minecraft:andesite":42,"minecraft:deepslate_iron_ore":11,"minecraft:packed_ice":5,"minecraft:azalea":1,"minecraft:stone":297,"minecraft:deepslate_redstone_ore":14,"minecraft:flowering_azalea":3,"minecraft:brown_mushroom":9,"minecraft:gray_concrete":6,"minecraft:medium_amethyst_bud":1,"minecraft:amethyst_cluster":19,"minecraft:dandelion":7,"minecraft:crafting_table":2,"minecraft:clay":1,"minecraft:torch":1,"minecraft:calcite":23,"minecraft:poppy":7,"minecraft:tall_grass":2,"minecraft:cobblestone":5,"minecraft:lapis_ore":4,"minecraft:diorite":86,"minecraft:wall_torch":1,"minecraft:amethyst_block":21,"minecraft:spruce_log":3,"minecraft:coal_ore":49,"minecraft:gravel":1,"minecraft:sand":11,"minecraft:dirt":6,"minecraft:smooth_basalt":14,"minecraft:deepslate":116,"minecraft:fern":3},"minecraft:crafted":{"minecraft:cooked_chicken":1,"minecraft:bone_meal":3,"minecraft:pink_dye":2,"minecraft:iron_boots":1,"minecraft:chest":1,"cgm:workbench":1,"minecraft:red_dye":7,"minecraft:crafting_table":1,"minecraft:iron_helmet":1,"minecraft:iron_sword":1,"minecraft:air":0,"minecraft:yellow_dye":1,"minecraft:shield":1,"minecraft:white_dye":1,"minecraft:iron_pickaxe":3,"minecraft:iron_ingot":70,"minecraft:white_bed":1},"minecraft:picked_up":{"minecraft:charcoal":8,"minecraft:crafting_table":2,"minecraft:ladder":28,"minecraft:chicken":1,"minecraft:clay_ball":8,"minecraft:brown_mushroom":9,"minecraft:shield":2,"minecraft:amethyst_block":58,"minecraft:string":9,"minecraft:cooked_salmon":5,"minecraft:cobbled_deepslate":251,"minecraft:spruce_planks":32,"minecraft:calcite":69,"minecraft:azalea":3,"minecraft:iron_nugget":7,"minecraft:poppy":7,"minecraft:iron_pickaxe":2,"minecraft:sugar_cane":16,"cgm:bazooka":1,"minecraft:iron_boots":2,"minecraft:furnace":3,"minecraft:raw_iron":80,"minecraft:stick":15,"minecraft:torch":12,"minecraft:diorite":170,"minecraft:redstone":63,"minecraft:black_dye":3,"minecraft:arrow":29,"minecraft:rotten_flesh":13,"minecraft:glow_berries":2,"undead_revamp2:arapholia":6,"minecraft:cobblestone":572,"minecraft:feather":2,"minecraft:andesite":84,"minecraft:glow_ink_sac":3,"minecraft:red_mushroom":3,"minecraft:filled_map":1,"minecraft:tuff":15,"minecraft:light_gray_dye":2,"minecraft:gray_concrete":10,"minecraft:lapis_lazuli":37,"minecraft:dirt":9,"minecraft:bone":9,"minecraft:bow":3,"minecraft:wheat_seeds":3,"minecraft:spore_blossom":3,"minecraft:stone_pickaxe":2,"minecraft:iron_ingot":24,"minecraft:moss_block":20,"minecraft:flowering_azalea":6,"minecraft:iron_sword":3,"minecraft:smooth_basalt":28,"minecraft:cooked_porkchop":12,"minecraft:sweet_berries":3,"minecraft:dandelion":7,"minecraft:gravel":1,"minecraft:amethyst_shard":120,"minecraft:sand":22,"minecraft:spruce_sapling":11,"minecraft:spruce_log":7,"cgm:pistol":2,"minecraft:diamond":8,"minecraft:stone_axe":1,"minecraft:granite":66,"minecraft:bread":4,"minecraft:coal":71}},"DataVersion":3465}