{"stats":{"minecraft:used":{"minecraft:stone_pickaxe":123,"minecraft:iron_pickaxe":504,"minecraft:dirt":3,"minecraft:cobblestone":23,"minecraft:crafting_table":2,"minecraft:furnace":2},"minecraft:broken":{"minecraft:stone_pickaxe":1,"minecraft:iron_pickaxe":2},"minecraft:dropped":{"minecraft:spruce_planks":2},"minecraft:custom":{"minecraft:time_since_rest":27445,"minecraft:interact_with_furnace":18,"minecraft:sprint_one_cm":19435,"minecraft:damage_taken":60,"minecraft:walk_one_cm":74351,"minecraft:drop":1,"minecraft:swim_one_cm":5171,"minecraft:interact_with_crafting_table":11,"minecraft:fly_one_cm":6768,"minecraft:open_chest":2,"minecraft:crouch_one_cm":968,"minecraft:play_time":27445,"minecraft:sneak_time":487,"minecraft:walk_under_water_one_cm":1280,"minecraft:jump":197,"minecraft:walk_on_water_one_cm":3461,"minecraft:time_since_death":27445,"minecraft:climb_one_cm":280,"minecraft:total_world_time":27445,"minecraft:fall_one_cm":1705},"minecraft:mined":{"minecraft:large_amethyst_bud":1,"minecraft:furnace":1,"minecraft:iron_ore":69,"minecraft:medium_amethyst_bud":1,"minecraft:amethyst_cluster":11,"minecraft:andesite":42,"minecraft:crafting_table":1,"minecraft:granite":22,"minecraft:calcite":23,"minecraft:coal_ore":22,"minecraft:deepslate_iron_ore":1,"minecraft:dirt":4,"minecraft:cobblestone":2,"minecraft:smooth_basalt":14,"minecraft:spruce_leaves":2,"minecraft:lapis_ore":2,"minecraft:stone":288,"minecraft:moss_block":1,"minecraft:diorite":86,"minecraft:deepslate":23,"minecraft:amethyst_block":18},"minecraft:crafted":{"minecraft:iron_boots":1,"minecraft:shield":1,"minecraft:crafting_table":1,"minecraft:iron_ingot":36,"minecraft:iron_pickaxe":3,"minecraft:iron_sword":1,"minecraft:air":0},"minecraft:picked_up":{"minecraft:crafting_table":1,"minecraft:stick":7,"minecraft:raw_iron":70,"minecraft:smooth_basalt":14,"minecraft:ladder":3,"minecraft:andesite":42,"minecraft:amethyst_shard":44,"minecraft:diorite":85,"minecraft:amethyst_block":18,"minecraft:lapis_lazuli":12,"minecraft:dirt":4,"minecraft:arrow":8,"minecraft:bow":1,"minecraft:cobbled_deepslate":22,"minecraft:spruce_planks":17,"minecraft:granite":22,"minecraft:stone_pickaxe":1,"minecraft:calcite":23,"minecraft:moss_block":1,"minecraft:coal":22,"minecraft:cobblestone":293,"minecraft:furnace":2}},"DataVersion":3465}