{"stats":{"minecraft:killed_by":{"undead_revamp2:thespitter":1},"minecraft:used":{"minecraft:moss_block":7,"minecraft:stone_pickaxe":123,"minecraft:ladder":10,"minecraft:shield":5,"minecraft:iron_sword":11,"minecraft:glow_berries":2,"minecraft:dirt":3,"minecraft:crafting_table":2,"minecraft:iron_pickaxe":576,"minecraft:cobblestone":26,"minecraft:bow":3,"minecraft:furnace":2},"minecraft:broken":{"minecraft:stone_pickaxe":1,"minecraft:iron_pickaxe":2},"minecraft:dropped":{"minecraft:spruce_planks":2},"minecraft:custom":{"minecraft:interact_with_furnace":22,"minecraft:mob_kills":4,"minecraft:interact_with_crafting_table":11,"minecraft:time_since_death":4817,"minecraft:climb_one_cm":1737,"minecraft:time_since_rest":4910,"minecraft:sprint_one_cm":30920,"minecraft:damage_taken":379,"minecraft:walk_one_cm":114928,"minecraft:damage_blocked_by_shield":135,"minecraft:drop":1,"minecraft:damage_dealt":500,"minecraft:swim_one_cm":7419,"minecraft:fly_one_cm":9298,"minecraft:open_chest":3,"minecraft:crouch_one_cm":2252,"minecraft:play_time":39445,"minecraft:deaths":1,"minecraft:sneak_time":1654,"minecraft:walk_under_water_one_cm":1981,"minecraft:jump":371,"minecraft:walk_on_water_one_cm":6729,"minecraft:total_world_time":39445,"minecraft:fall_one_cm":4311},"minecraft:killed":{"minecraft:skeleton":2,"undead_revamp2:theordure":1,"minecraft:glow_squid":1},"minecraft:mined":{"minecraft:large_amethyst_bud":1,"minecraft:flowering_azalea":3,"minecraft:deepslate_diamond_ore":4,"minecraft:medium_amethyst_bud":1,"minecraft:amethyst_cluster":11,"minecraft:crafting_table":1,"minecraft:clay":1,"minecraft:ladder":1,"minecraft:granite":22,"minecraft:calcite":23,"minecraft:tall_grass":1,"minecraft:cobblestone":2,"minecraft:spruce_leaves":2,"minecraft:lapis_ore":2,"minecraft:moss_block":13,"minecraft:diorite":86,"minecraft:amethyst_block":18,"minecraft:spore_blossom":1,"minecraft:furnace":1,"minecraft:iron_ore":69,"minecraft:andesite":42,"minecraft:coal_ore":22,"minecraft:deepslate_iron_ore":1,"minecraft:dirt":4,"minecraft:smooth_basalt":14,"minecraft:azalea":1,"minecraft:stone":288,"minecraft:deepslate":87},"minecraft:crafted":{"minecraft:crafting_table":1,"minecraft:iron_sword":1,"minecraft:air":0,"minecraft:iron_boots":1,"minecraft:shield":1,"minecraft:iron_ingot":70,"minecraft:iron_pickaxe":3},"minecraft:picked_up":{"minecraft:crafting_table":1,"minecraft:ladder":16,"minecraft:clay_ball":8,"minecraft:glow_ink_sac":3,"minecraft:andesite":84,"minecraft:shield":1,"minecraft:amethyst_block":36,"minecraft:lapis_lazuli":24,"minecraft:dirt":5,"minecraft:bone":8,"minecraft:bow":2,"minecraft:cobbled_deepslate":172,"minecraft:spruce_planks":22,"minecraft:spore_blossom":2,"minecraft:stone_pickaxe":1,"minecraft:iron_ingot":24,"minecraft:azalea":2,"minecraft:calcite":46,"minecraft:iron_pickaxe":1,"minecraft:moss_block":19,"minecraft:iron_sword":1,"minecraft:flowering_azalea":6,"minecraft:iron_boots":1,"minecraft:furnace":2,"minecraft:raw_iron":70,"minecraft:stick":7,"minecraft:smooth_basalt":28,"minecraft:cooked_porkchop":3,"minecraft:amethyst_shard":88,"minecraft:diorite":170,"minecraft:arrow":19,"minecraft:rotten_flesh":6,"minecraft:diamond":8,"minecraft:granite":44,"minecraft:glow_berries":2,"minecraft:coal":22,"minecraft:cobblestone":560}},"DataVersion":3465}