{"stats":{"minecraft:used":{"minecraft:cooked_mutton":2,"minecraft:stone_axe":39,"minecraft:stone_pickaxe":24,"minecraft:spruce_log":9},"minecraft:dropped":{"minecraft:wheat_seeds":1,"cgm:bazooka":1},"minecraft:custom":{"minecraft:time_since_rest":7278,"minecraft:open_chest":5,"minecraft:crouch_one_cm":3980,"minecraft:interact_with_furnace":5,"minecraft:play_time":7278,"minecraft:sprint_one_cm":5888,"minecraft:damage_taken":205,"minecraft:walk_one_cm":22323,"minecraft:sneak_time":1739,"minecraft:walk_under_water_one_cm":408,"minecraft:drop":2,"minecraft:jump":104,"minecraft:walk_on_water_one_cm":766,"minecraft:time_since_death":7278,"minecraft:total_world_time":7278,"minecraft:interact_with_crafting_table":2,"minecraft:fall_one_cm":838,"minecraft:fly_one_cm":2770},"minecraft:mined":{"minecraft:spruce_log":38,"minecraft:spruce_leaves":5,"minecraft:stone":24},"minecraft:crafted":{"minecraft:stone_sword":1,"minecraft:crafting_table":1,"minecraft:stone_axe":1,"minecraft:spruce_planks":16,"minecraft:stick":8,"minecraft:cooked_mutton":3,"minecraft:air":0,"minecraft:iron_ingot":10,"minecraft:stone_pickaxe":1},"minecraft:picked_up":{"minecraft:stick":3,"minecraft:wheat_seeds":1,"minecraft:spruce_sapling":3,"minecraft:spruce_log":38,"cgm:bazooka":1,"minecraft:cobblestone":24}},"DataVersion":3465}