{"stats":{"minecraft:killed_by":{"undead_revamp2:thebeartamer":2},"minecraft:used":{"minecraft:spruce_slab":2,"minecraft:stone_pickaxe":9,"minecraft:ladder":1,"minecraft:wooden_pickaxe":9,"minecraft:stone_axe":19,"minecraft:sand":1},"minecraft:dropped":{"undead_revamp2:arapholia":1},"minecraft:custom":{"minecraft:time_since_rest":260,"minecraft:sprint_one_cm":16334,"minecraft:damage_taken":515,"minecraft:walk_one_cm":18834,"minecraft:mob_kills":4,"minecraft:drop":1,"minecraft:damage_dealt":1343,"minecraft:swim_one_cm":8584,"minecraft:interact_with_crafting_table":4,"minecraft:fly_one_cm":7417,"minecraft:crouch_one_cm":2150,"minecraft:play_time":12017,"minecraft:deaths":2,"minecraft:sneak_time":917,"minecraft:walk_under_water_one_cm":4406,"minecraft:jump":128,"minecraft:leave_game":1,"minecraft:walk_on_water_one_cm":4410,"minecraft:time_since_death":236,"minecraft:climb_one_cm":967,"minecraft:total_world_time":12017,"minecraft:fall_one_cm":1702},"minecraft:killed":{"minecraft:skeleton":2,"minecraft:zombie":1,"minecraft:spider":1},"minecraft:mined":{"minecraft:sweet_berry_bush":4,"minecraft:spruce_log":3,"minecraft:coal_ore":2,"minecraft:spruce_leaves":1,"minecraft:stone":16,"minecraft:spruce_slab":2},"minecraft:crafted":{"minecraft:spruce_planks":12,"minecraft:stick":8,"minecraft:wooden_pickaxe":1,"minecraft:stone_pickaxe":2,"minecraft:stone_axe":1},"minecraft:picked_up":{"minecraft:ladder":1,"minecraft:sweet_berries":18,"minecraft:copper_ingot":2,"minecraft:sand":1,"minecraft:spruce_log":3,"minecraft:spider_eye":2,"minecraft:dirt":1,"minecraft:string":2,"minecraft:arrow":2,"minecraft:bone":4,"minecraft:rotten_flesh":3,"minecraft:stone_axe":1,"minecraft:spruce_planks":5,"minecraft:stone_pickaxe":2,"minecraft:spruce_slab":4,"undead_revamp2:arapholia":1,"minecraft:coal":2,"minecraft:cobblestone":17}},"DataVersion":3465}