{"stats":{"minecraft:used":{"minecraft:wheat_seeds":10,"minecraft:spruce_slab":43,"minecraft:stone_pickaxe":140,"minecraft:ladder":4,"minecraft:chest":2,"minecraft:spruce_planks":24,"minecraft:wooden_pickaxe":24,"minecraft:wooden_shovel":59,"minecraft:sugar_cane":13,"minecraft:stone_hoe":68,"minecraft:torch":11,"minecraft:dirt":130,"minecraft:crafting_table":3,"minecraft:spruce_stairs":3,"minecraft:wooden_axe":17,"minecraft:bread":1,"minecraft:spruce_trapdoor":5,"minecraft:gravel":1,"minecraft:stone_axe":130,"minecraft:cobblestone":12,"minecraft:sweet_berries":80,"minecraft:furnace":1,"minecraft:cooked_porkchop":1,"minecraft:dandelion":1,"minecraft:bone_meal":6},"minecraft:broken":{"minecraft:stone_pickaxe":1,"minecraft:wooden_shovel":1,"minecraft:stone_axe":1},"minecraft:custom":{"minecraft:interact_with_furnace":9,"minecraft:mob_kills":23,"minecraft:interact_with_crafting_table":18,"minecraft:leave_game":2,"minecraft:time_since_death":55285,"minecraft:climb_one_cm":7841,"minecraft:time_since_rest":55285,"minecraft:sprint_one_cm":56418,"minecraft:damage_taken":520,"minecraft:walk_one_cm":306054,"minecraft:damage_dealt":4680,"minecraft:fly_one_cm":45951,"minecraft:crouch_one_cm":5150,"minecraft:play_time":55285,"minecraft:sneak_time":1664,"minecraft:walk_under_water_one_cm":215,"minecraft:jump":465,"minecraft:walk_on_water_one_cm":2645,"minecraft:total_world_time":55285,"minecraft:fall_one_cm":6164},"minecraft:killed":{"minecraft:pig":4,"undead_revamp2:theimmortal":5,"undead_revamp2:the_moonflower":2,"minecraft:spider":1,"minecraft:creeper":1,"minecraft:skeleton":4,"minecraft:zombie":2,"undead_revamp2:therod":1,"undead_revamp2:thehorrors":1,"minecraft:enderman":1},"minecraft:mined":{"undead_revamp2:arapholia":1,"minecraft:spruce_planks":4,"minecraft:dandelion":1,"minecraft:crafting_table":2,"minecraft:spruce_trapdoor":4,"minecraft:ladder":2,"minecraft:granite":6,"minecraft:grass_block":28,"minecraft:poppy":1,"minecraft:tall_grass":5,"minecraft:cobblestone":1,"minecraft:spruce_leaves":5,"minecraft:lapis_ore":3,"minecraft:sugar_cane":5,"minecraft:wall_torch":1,"minecraft:large_fern":1,"minecraft:wheat":3,"minecraft:sweet_berry_bush":11,"minecraft:spruce_log":46,"minecraft:grass":39,"minecraft:coal_ore":20,"minecraft:gravel":8,"minecraft:dirt":74,"minecraft:stone":133,"minecraft:spruce_slab":21,"minecraft:fern":2},"minecraft:crafted":{"minecraft:wooden_shovel":1,"minecraft:cooked_porkchop":7,"minecraft:crafting_table":1,"minecraft:spruce_planks":124,"minecraft:wooden_pickaxe":1,"minecraft:furnace":1,"minecraft:bone_meal":6,"minecraft:stone_axe":2,"minecraft:bread":1,"minecraft:air":0,"minecraft:spruce_trapdoor":2,"minecraft:spruce_stairs":8,"minecraft:charcoal":15,"minecraft:ladder":6,"minecraft:stick":36,"minecraft:spruce_slab":24,"minecraft:stone_pickaxe":2,"minecraft:wooden_axe":1,"minecraft:chest":2,"minecraft:torch":16,"minecraft:stone_hoe":1},"minecraft:picked_up":{"minecraft:crafting_table":2,"minecraft:wheat":3,"minecraft:ladder":1,"minecraft:lapis_lazuli":13,"minecraft:dirt":130,"minecraft:bone":3,"minecraft:wheat_seeds":10,"minecraft:spruce_planks":4,"minecraft:poppy":1,"minecraft:spruce_slab":23,"minecraft:sugar_cane":13,"minecraft:spruce_trapdoor":4,"minecraft:stick":5,"minecraft:sweet_berries":86,"minecraft:torch":3,"minecraft:dandelion":1,"minecraft:gravel":8,"minecraft:porkchop":7,"minecraft:spruce_sapling":13,"minecraft:spruce_log":46,"minecraft:arrow":5,"minecraft:rotten_flesh":2,"minecraft:granite":6,"minecraft:music_disc_wait":1,"minecraft:coal":21,"undead_revamp2:arapholia":2,"minecraft:cobblestone":133}},"DataVersion":3465}