{"stats":{"minecraft:killed":{"minecraft:rabbit":4},"minecraft:mined":{"minecraft:coal_ore":2,"minecraft:brown_mushroom":2,"minecraft:stone":6,"minecraft:spruce_leaves":4,"minecraft:spruce_log":12,"minecraft:crafting_table":1},"minecraft:custom":{"minecraft:time_since_rest":5905,"minecraft:crouch_one_cm":65,"minecraft:play_time":5905,"minecraft:sprint_one_cm":28240,"minecraft:damage_taken":50,"minecraft:walk_one_cm":17635,"minecraft:sneak_time":37,"minecraft:mob_kills":4,"minecraft:jump":154,"minecraft:damage_dealt":120,"minecraft:time_since_death":5905,"minecraft:total_world_time":5905,"minecraft:interact_with_crafting_table":3,"minecraft:fall_one_cm":2751,"minecraft:fly_one_cm":22251},"minecraft:crafted":{"minecraft:stone_sword":1,"minecraft:torch":4,"minecraft:crafting_table":1,"minecraft:spruce_planks":16,"minecraft:stick":12,"minecraft:stone_pickaxe":1,"minecraft:wooden_pickaxe":1,"minecraft:wooden_axe":1},"minecraft:picked_up":{"minecraft:crafting_table":1,"minecraft:brown_mushroom":2,"minecraft:rabbit_hide":4,"minecraft:spruce_sapling":2,"minecraft:rabbit":4,"minecraft:spruce_log":12,"minecraft:coal":2,"minecraft:rabbit_foot":1,"minecraft:cobblestone":6},"minecraft:used":{"minecraft:torch":2,"minecraft:wooden_axe":17,"minecraft:crafting_table":2,"minecraft:wooden_pickaxe":8}},"DataVersion":3465}