{"stats":{"minecraft:used":{"minecraft:wooden_axe":17,"minecraft:spruce_slab":13,"minecraft:ladder":4,"minecraft:spruce_trapdoor":2,"minecraft:wooden_pickaxe":24,"minecraft:wooden_shovel":49,"minecraft:stone_axe":42,"minecraft:torch":6,"minecraft:dirt":53,"minecraft:sweet_berries":10,"minecraft:crafting_table":2,"minecraft:furnace":1},"minecraft:custom":{"minecraft:time_since_rest":15956,"minecraft:interact_with_furnace":5,"minecraft:sprint_one_cm":15195,"minecraft:damage_taken":80,"minecraft:walk_one_cm":73285,"minecraft:mob_kills":6,"minecraft:damage_dealt":1514,"minecraft:interact_with_crafting_table":10,"minecraft:fly_one_cm":6406,"minecraft:crouch_one_cm":1182,"minecraft:play_time":15956,"minecraft:sneak_time":377,"minecraft:jump":145,"minecraft:leave_game":1,"minecraft:walk_on_water_one_cm":606,"minecraft:time_since_death":15956,"minecraft:climb_one_cm":2866,"minecraft:total_world_time":15956,"minecraft:fall_one_cm":3265},"minecraft:killed":{"minecraft:zombie":1,"minecraft:pig":4,"undead_revamp2:thehorrors":1},"minecraft:mined":{"minecraft:spruce_log":35,"minecraft:spruce_trapdoor":1,"minecraft:crafting_table":1,"minecraft:grass_block":16,"minecraft:gravel":7,"minecraft:dirt":37,"minecraft:spruce_leaves":3,"minecraft:stone":24,"minecraft:spruce_slab":2},"minecraft:crafted":{"minecraft:spruce_trapdoor":2,"minecraft:wooden_shovel":1,"minecraft:charcoal":15,"minecraft:crafting_table":1,"minecraft:ladder":6,"minecraft:spruce_slab":18,"minecraft:spruce_planks":72,"minecraft:stick":36,"minecraft:wooden_pickaxe":1,"minecraft:stone_pickaxe":1,"minecraft:wooden_axe":1,"minecraft:furnace":1,"minecraft:torch":12,"minecraft:stone_axe":1,"minecraft:air":0},"minecraft:picked_up":{"minecraft:stick":1,"minecraft:crafting_table":1,"minecraft:sweet_berries":22,"minecraft:gravel":7,"minecraft:porkchop":7,"minecraft:spruce_sapling":8,"minecraft:spruce_log":35,"minecraft:dirt":53,"minecraft:spruce_slab":3,"minecraft:spruce_trapdoor":1,"minecraft:cobblestone":24}},"DataVersion":3465}