{"stats":{"minecraft:killed":{"minecraft:pig":4},"minecraft:mined":{"minecraft:grass_block":1,"minecraft:gravel":7,"minecraft:dirt":22,"minecraft:stone":24,"minecraft:spruce_leaves":2,"minecraft:spruce_log":13},"minecraft:crafted":{"minecraft:furnace":1,"minecraft:wooden_shovel":1,"minecraft:crafting_table":1,"minecraft:spruce_planks":16,"minecraft:stick":8,"minecraft:wooden_pickaxe":1,"minecraft:wooden_axe":1},"minecraft:custom":{"minecraft:time_since_rest":5471,"minecraft:crouch_one_cm":1,"minecraft:play_time":5471,"minecraft:sprint_one_cm":3208,"minecraft:damage_taken":70,"minecraft:walk_one_cm":23501,"minecraft:sneak_time":6,"minecraft:mob_kills":4,"minecraft:jump":58,"minecraft:damage_dealt":400,"minecraft:walk_on_water_one_cm":606,"minecraft:time_since_death":5471,"minecraft:total_world_time":5471,"minecraft:interact_with_crafting_table":5,"minecraft:fall_one_cm":1976,"minecraft:fly_one_cm":3007},"minecraft:picked_up":{"minecraft:stick":1,"minecraft:sweet_berries":22,"minecraft:gravel":7,"minecraft:porkchop":7,"minecraft:spruce_sapling":4,"minecraft:spruce_log":13,"minecraft:dirt":23,"minecraft:cobblestone":24},"minecraft:used":{"minecraft:wooden_axe":17,"minecraft:crafting_table":1,"minecraft:wooden_pickaxe":24,"minecraft:wooden_shovel":30}},"DataVersion":3465}