{"stats":{"minecraft:used":{"minecraft:wheat_seeds":43,"minecraft:stone_pickaxe":173,"minecraft:stone_shovel":103,"minecraft:spruce_slab":44,"minecraft:ladder":19,"minecraft:chest":2,"minecraft:spruce_planks":28,"minecraft:wooden_pickaxe":44,"minecraft:wooden_shovel":59,"minecraft:sugar_cane":13,"minecraft:stone_hoe":82,"minecraft:torch":25,"minecraft:dirt":142,"minecraft:crafting_table":3,"minecraft:spruce_stairs":3,"minecraft:gray_concrete":5,"minecraft:wooden_axe":17,"minecraft:bread":2,"minecraft:spruce_trapdoor":5,"minecraft:spore_blossom":1,"minecraft:gray_concrete_powder":15,"minecraft:gravel":1,"minecraft:stone_axe":232,"minecraft:cobblestone":14,"minecraft:sweet_berries":109,"minecraft:furnace":1,"minecraft:cooked_porkchop":4,"minecraft:dandelion":1,"minecraft:bone_meal":15},"minecraft:broken":{"minecraft:stone_pickaxe":1,"minecraft:wooden_shovel":1,"minecraft:stone_axe":2},"minecraft:dropped":{"minecraft:furnace":1,"minecraft:cooked_porkchop":3,"undead_revamp2:arapholia":4,"minecraft:stick":7,"minecraft:filled_map":1,"minecraft:gray_concrete":3,"minecraft:spruce_trapdoor":1,"minecraft:spruce_planks":17,"minecraft:snowball":2,"minecraft:ladder":12,"minecraft:spider_eye":1,"minecraft:arrow":8,"minecraft:bow":1,"minecraft:stone_pickaxe":1,"minecraft:bone":1},"minecraft:custom":{"minecraft:interact_with_furnace":15,"minecraft:mob_kills":45,"minecraft:interact_with_crafting_table":31,"minecraft:leave_game":7,"minecraft:time_since_death":107353,"minecraft:sleep_in_bed":1,"minecraft:climb_one_cm":16414,"minecraft:time_since_rest":5751,"minecraft:sprint_one_cm":186414,"minecraft:damage_taken":800,"minecraft:walk_one_cm":505014,"minecraft:drop":30,"minecraft:damage_dealt":8051,"minecraft:swim_one_cm":28664,"minecraft:fly_one_cm":213897,"minecraft:open_chest":13,"minecraft:crouch_one_cm":6514,"minecraft:play_time":107353,"minecraft:sneak_time":2334,"minecraft:walk_under_water_one_cm":11509,"minecraft:jump":1236,"minecraft:walk_on_water_one_cm":24356,"minecraft:total_world_time":107353,"minecraft:fall_one_cm":12023},"minecraft:killed":{"minecraft:pig":8,"undead_revamp2:theimmortal":5,"undead_revamp2:the_moonflower":2,"minecraft:spider":2,"undead_revamp2:thesmoker":1,"minecraft:creeper":1,"minecraft:squid":2,"minecraft:sheep":3,"minecraft:skeleton":9,"minecraft:zombie":3,"minecraft:chicken":1,"undead_revamp2:therod":1,"undead_revamp2:thehorrors":1,"minecraft:cow":4,"minecraft:enderman":1},"minecraft:mined":{"undead_revamp2:arapholia":1,"minecraft:spruce_planks":8,"minecraft:gray_concrete":18,"minecraft:dandelion":1,"minecraft:crafting_table":2,"minecraft:spruce_trapdoor":4,"minecraft:ladder":2,"minecraft:granite":6,"minecraft:grass_block":55,"minecraft:poppy":1,"minecraft:tall_grass":5,"minecraft:cobblestone":1,"minecraft:spruce_leaves":9,"minecraft:lapis_ore":3,"minecraft:sugar_cane":5,"minecraft:wall_torch":1,"minecraft:large_fern":1,"minecraft:spore_blossom":1,"minecraft:snow":6,"minecraft:sweet_berry_bush":40,"minecraft:wheat":15,"minecraft:spruce_log":64,"minecraft:grass":39,"minecraft:coal_ore":20,"minecraft:sand":27,"minecraft:gravel":27,"minecraft:dirt":110,"minecraft:packed_ice":3,"minecraft:stone":155,"minecraft:spruce_slab":22,"minecraft:fern":2},"minecraft:crafted":{"minecraft:black_dye":2,"minecraft:wooden_shovel":1,"minecraft:stone_shovel":2,"minecraft:cooked_porkchop":7,"minecraft:crafting_table":1,"minecraft:spruce_planks":168,"minecraft:wooden_pickaxe":1,"minecraft:furnace":2,"minecraft:gray_concrete_powder":32,"minecraft:gray_dye":4,"minecraft:bone_meal":18,"minecraft:stone_axe":3,"minecraft:air":0,"minecraft:bread":2,"minecraft:spruce_trapdoor":2,"minecraft:spruce_stairs":8,"minecraft:white_concrete_powder":8,"minecraft:charcoal":15,"minecraft:white_dye":3,"minecraft:ladder":42,"minecraft:stick":132,"minecraft:spruce_slab":24,"minecraft:stone_pickaxe":3,"minecraft:wooden_axe":1,"minecraft:chest":2,"minecraft:torch":32,"minecraft:stone_hoe":1},"minecraft:picked_up":{"minecraft:crafting_table":2,"minecraft:wheat":17,"minecraft:chicken":1,"minecraft:ladder":1,"minecraft:leather":3,"minecraft:gray_concrete":18,"minecraft:lapis_lazuli":28,"minecraft:dirt":176,"minecraft:bone":9,"minecraft:bow":1,"minecraft:wheat_seeds":43,"minecraft:cobbled_deepslate":1,"minecraft:spruce_planks":10,"minecraft:spore_blossom":1,"minecraft:iron_ingot":59,"minecraft:beef":9,"minecraft:iron_nugget":7,"minecraft:poppy":1,"minecraft:spruce_slab":24,"minecraft:sugar_cane":29,"minecraft:spruce_trapdoor":4,"minecraft:stick":5,"minecraft:sweet_berries":148,"minecraft:torch":3,"minecraft:dandelion":1,"minecraft:gravel":26,"minecraft:porkchop":14,"minecraft:sand":26,"minecraft:spruce_sapling":13,"minecraft:ink_sac":2,"minecraft:spruce_log":63,"minecraft:spider_eye":1,"minecraft:arrow":11,"minecraft:diamond":4,"minecraft:rotten_flesh":4,"minecraft:granite":6,"minecraft:gold_ingot":1,"minecraft:emerald":10,"minecraft:music_disc_wait":1,"minecraft:mutton":4,"undead_revamp2:arapholia":6,"minecraft:coal":32,"minecraft:snowball":2,"minecraft:white_wool":3,"minecraft:cobblestone":152}},"DataVersion":3465}