{"stats":{"minecraft:used":{"minecraft:wheat_seeds":3,"minecraft:spruce_slab":37,"minecraft:stone_pickaxe":139,"minecraft:ladder":4,"minecraft:spruce_planks":21,"minecraft:wooden_pickaxe":24,"minecraft:wooden_shovel":59,"minecraft:stone_hoe":36,"minecraft:torch":11,"minecraft:dirt":97,"minecraft:crafting_table":3,"minecraft:spruce_stairs":3,"minecraft:wooden_axe":17,"minecraft:spruce_trapdoor":5,"minecraft:gravel":1,"minecraft:stone_axe":81,"minecraft:cobblestone":12,"minecraft:sweet_berries":62,"minecraft:furnace":1,"minecraft:dandelion":1,"minecraft:bone_meal":3},"minecraft:broken":{"minecraft:stone_pickaxe":1,"minecraft:wooden_shovel":1},"minecraft:custom":{"minecraft:interact_with_furnace":7,"minecraft:mob_kills":11,"minecraft:interact_with_crafting_table":15,"minecraft:leave_game":1,"minecraft:time_since_death":39956,"minecraft:climb_one_cm":6158,"minecraft:time_since_rest":39956,"minecraft:sprint_one_cm":37482,"minecraft:damage_taken":190,"minecraft:walk_one_cm":204851,"minecraft:damage_dealt":2133,"minecraft:fly_one_cm":36177,"minecraft:crouch_one_cm":3409,"minecraft:play_time":39956,"minecraft:sneak_time":997,"minecraft:walk_under_water_one_cm":215,"minecraft:jump":339,"minecraft:walk_on_water_one_cm":1202,"minecraft:total_world_time":39956,"minecraft:fall_one_cm":5119},"minecraft:killed":{"minecraft:pig":4,"undead_revamp2:the_moonflower":2,"minecraft:skeleton":1,"minecraft:zombie":1,"undead_revamp2:therod":1,"undead_revamp2:thehorrors":1,"minecraft:enderman":1},"minecraft:mined":{"undead_revamp2:arapholia":1,"minecraft:spruce_planks":2,"minecraft:dandelion":1,"minecraft:crafting_table":2,"minecraft:spruce_trapdoor":4,"minecraft:ladder":2,"minecraft:granite":6,"minecraft:grass_block":16,"minecraft:poppy":1,"minecraft:tall_grass":5,"minecraft:cobblestone":1,"minecraft:spruce_leaves":5,"minecraft:lapis_ore":3,"minecraft:wall_torch":1,"minecraft:large_fern":1,"minecraft:sweet_berry_bush":10,"minecraft:spruce_log":46,"minecraft:grass":39,"minecraft:coal_ore":20,"minecraft:gravel":8,"minecraft:dirt":68,"minecraft:stone":132,"minecraft:spruce_slab":14,"minecraft:fern":2},"minecraft:crafted":{"minecraft:wooden_shovel":1,"minecraft:crafting_table":1,"minecraft:spruce_planks":124,"minecraft:wooden_pickaxe":1,"minecraft:furnace":1,"minecraft:bone_meal":3,"minecraft:stone_axe":1,"minecraft:air":0,"minecraft:spruce_trapdoor":2,"minecraft:spruce_stairs":8,"minecraft:charcoal":15,"minecraft:ladder":6,"minecraft:stick":36,"minecraft:spruce_slab":24,"minecraft:stone_pickaxe":2,"minecraft:wooden_axe":1,"minecraft:torch":16,"minecraft:stone_hoe":1},"minecraft:picked_up":{"minecraft:crafting_table":2,"minecraft:ladder":1,"minecraft:lapis_lazuli":13,"minecraft:dirt":98,"minecraft:bone":1,"minecraft:wheat_seeds":3,"minecraft:spruce_planks":2,"minecraft:poppy":1,"minecraft:spruce_slab":13,"minecraft:spruce_trapdoor":4,"minecraft:stick":2,"minecraft:sweet_berries":62,"minecraft:torch":2,"minecraft:dandelion":1,"minecraft:gravel":8,"minecraft:porkchop":7,"minecraft:spruce_sapling":13,"minecraft:spruce_log":46,"minecraft:granite":6,"minecraft:coal":21,"undead_revamp2:arapholia":2,"minecraft:cobblestone":132}},"DataVersion":3465}