{"stats":{"minecraft:used":{"minecraft:wheat_seeds":23,"minecraft:stone_shovel":51,"minecraft:stone_pickaxe":149,"minecraft:spruce_slab":43,"minecraft:ladder":4,"minecraft:chest":2,"minecraft:spruce_planks":28,"minecraft:wooden_pickaxe":44,"minecraft:wooden_shovel":59,"minecraft:sugar_cane":13,"minecraft:stone_hoe":82,"minecraft:torch":17,"minecraft:dirt":142,"minecraft:crafting_table":3,"minecraft:spruce_stairs":3,"minecraft:wooden_axe":17,"minecraft:bread":2,"minecraft:spruce_trapdoor":5,"minecraft:gravel":1,"minecraft:stone_axe":193,"minecraft:cobblestone":12,"minecraft:sweet_berries":95,"minecraft:furnace":1,"minecraft:cooked_porkchop":2,"minecraft:dandelion":1,"minecraft:bone_meal":15},"minecraft:broken":{"minecraft:stone_pickaxe":1,"minecraft:wooden_shovel":1,"minecraft:stone_axe":2},"minecraft:dropped":{"minecraft:furnace":1,"minecraft:stick":7,"minecraft:spruce_planks":17,"minecraft:ladder":3,"minecraft:arrow":8,"minecraft:bow":1,"minecraft:stone_pickaxe":1},"minecraft:custom":{"minecraft:interact_with_furnace":10,"minecraft:mob_kills":39,"minecraft:interact_with_crafting_table":24,"minecraft:leave_game":3,"minecraft:time_since_death":73397,"minecraft:climb_one_cm":9128,"minecraft:time_since_rest":73397,"minecraft:sprint_one_cm":110193,"minecraft:damage_taken":680,"minecraft:walk_one_cm":408754,"minecraft:drop":7,"minecraft:damage_dealt":6558,"minecraft:swim_one_cm":5729,"minecraft:fly_one_cm":116018,"minecraft:crouch_one_cm":5426,"minecraft:play_time":73397,"minecraft:sneak_time":1717,"minecraft:walk_under_water_one_cm":369,"minecraft:jump":775,"minecraft:walk_on_water_one_cm":4119,"minecraft:total_world_time":73397,"minecraft:fall_one_cm":8790},"minecraft:killed":{"minecraft:pig":8,"undead_revamp2:theimmortal":5,"undead_revamp2:the_moonflower":2,"minecraft:spider":2,"minecraft:creeper":1,"minecraft:sheep":3,"minecraft:skeleton":7,"minecraft:zombie":2,"minecraft:chicken":1,"undead_revamp2:therod":1,"undead_revamp2:thehorrors":1,"minecraft:cow":4,"minecraft:enderman":1},"minecraft:mined":{"undead_revamp2:arapholia":1,"minecraft:spruce_planks":8,"minecraft:dandelion":1,"minecraft:crafting_table":2,"minecraft:spruce_trapdoor":4,"minecraft:ladder":2,"minecraft:granite":6,"minecraft:grass_block":54,"minecraft:poppy":1,"minecraft:tall_grass":5,"minecraft:cobblestone":1,"minecraft:spruce_leaves":8,"minecraft:lapis_ore":3,"minecraft:sugar_cane":5,"minecraft:wall_torch":1,"minecraft:large_fern":1,"minecraft:wheat":7,"minecraft:sweet_berry_bush":26,"minecraft:spruce_log":52,"minecraft:grass":39,"minecraft:coal_ore":20,"minecraft:gravel":8,"minecraft:dirt":109,"minecraft:stone":155,"minecraft:spruce_slab":21,"minecraft:fern":2},"minecraft:crafted":{"minecraft:wooden_shovel":1,"minecraft:stone_shovel":2,"minecraft:cooked_porkchop":7,"minecraft:crafting_table":1,"minecraft:spruce_planks":124,"minecraft:wooden_pickaxe":1,"minecraft:furnace":2,"minecraft:bone_meal":15,"minecraft:stone_axe":3,"minecraft:bread":2,"minecraft:air":0,"minecraft:spruce_trapdoor":2,"minecraft:spruce_stairs":8,"minecraft:charcoal":15,"minecraft:ladder":6,"minecraft:spruce_slab":24,"minecraft:stick":44,"minecraft:stone_pickaxe":3,"minecraft:wooden_axe":1,"minecraft:chest":2,"minecraft:torch":16,"minecraft:stone_hoe":1},"minecraft:picked_up":{"minecraft:crafting_table":2,"minecraft:wheat":7,"minecraft:chicken":1,"minecraft:ladder":1,"minecraft:leather":3,"minecraft:lapis_lazuli":13,"minecraft:dirt":174,"minecraft:bone":6,"minecraft:bow":1,"minecraft:wheat_seeds":23,"minecraft:spruce_planks":10,"minecraft:beef":9,"minecraft:poppy":1,"minecraft:spruce_slab":23,"minecraft:sugar_cane":13,"minecraft:spruce_trapdoor":4,"minecraft:stick":5,"minecraft:sweet_berries":111,"minecraft:torch":3,"minecraft:dandelion":1,"minecraft:gravel":8,"minecraft:porkchop":14,"minecraft:spruce_sapling":13,"minecraft:spruce_log":51,"minecraft:spider_eye":1,"minecraft:arrow":8,"minecraft:rotten_flesh":2,"minecraft:granite":6,"minecraft:mutton":4,"minecraft:music_disc_wait":1,"undead_revamp2:arapholia":2,"minecraft:coal":21,"minecraft:white_wool":3,"minecraft:cobblestone":152}},"DataVersion":3465}