{"stats":{"minecraft:killed":{"minecraft:rabbit":4},"minecraft:mined":{"minecraft:brown_mushroom":2,"minecraft:spruce_log":12,"minecraft:crafting_table":1,"minecraft:coal_ore":2,"minecraft:grass_block":49,"minecraft:dirt":33,"minecraft:cobblestone":2,"minecraft:spruce_leaves":4,"minecraft:stone":19,"minecraft:wall_torch":2},"minecraft:crafted":{"minecraft:stone_shovel":1,"minecraft:leather":1,"minecraft:charcoal":6,"minecraft:crafting_table":1,"minecraft:spruce_planks":24,"minecraft:stick":12,"minecraft:wooden_pickaxe":1,"minecraft:stone_pickaxe":1,"minecraft:wooden_axe":1,"minecraft:stone_sword":1,"minecraft:furnace":1,"minecraft:torch":4,"minecraft:cooked_rabbit":4},"minecraft:custom":{"minecraft:time_since_rest":11857,"minecraft:interact_with_furnace":5,"minecraft:sprint_one_cm":30752,"minecraft:damage_taken":50,"minecraft:walk_one_cm":49914,"minecraft:mob_kills":4,"minecraft:damage_dealt":120,"minecraft:interact_with_crafting_table":6,"minecraft:fly_one_cm":23172,"minecraft:crouch_one_cm":323,"minecraft:play_time":11857,"minecraft:sneak_time":70,"minecraft:jump":161,"minecraft:leave_game":1,"minecraft:time_since_death":11857,"minecraft:total_world_time":11857,"minecraft:fall_one_cm":3020},"minecraft:picked_up":{"minecraft:crafting_table":1,"minecraft:torch":3,"minecraft:brown_mushroom":2,"minecraft:spruce_sapling":2,"minecraft:spruce_log":12,"minecraft:rabbit_foot":1,"minecraft:dirt":81,"minecraft:rabbit_hide":4,"minecraft:rabbit":4,"minecraft:coal":2,"minecraft:cobblestone":21},"minecraft:used":{"minecraft:wooden_axe":17,"minecraft:stone_shovel":76,"minecraft:stone_pickaxe":15,"minecraft:wooden_pickaxe":8,"minecraft:spruce_sapling":2,"minecraft:torch":7,"minecraft:dirt":62,"minecraft:cobblestone":2,"minecraft:crafting_table":2,"minecraft:furnace":1,"minecraft:cooked_rabbit":3}},"DataVersion":3465}