{"stats":{"minecraft:used":{"minecraft:wheat_seeds":26,"minecraft:stone_shovel":103,"minecraft:stone_pickaxe":154,"minecraft:spruce_slab":43,"minecraft:ladder":4,"minecraft:chest":2,"minecraft:spruce_planks":28,"minecraft:wooden_pickaxe":44,"minecraft:wooden_shovel":59,"minecraft:sugar_cane":13,"minecraft:stone_hoe":82,"minecraft:torch":19,"minecraft:dirt":142,"minecraft:crafting_table":3,"minecraft:spruce_stairs":3,"minecraft:gray_concrete":2,"minecraft:wooden_axe":17,"minecraft:bread":2,"minecraft:spruce_trapdoor":5,"minecraft:gray_concrete_powder":8,"minecraft:gravel":1,"minecraft:stone_axe":215,"minecraft:cobblestone":12,"minecraft:sweet_berries":97,"minecraft:furnace":1,"minecraft:cooked_porkchop":4,"minecraft:dandelion":1,"minecraft:bone_meal":15},"minecraft:broken":{"minecraft:stone_pickaxe":1,"minecraft:wooden_shovel":1,"minecraft:stone_axe":2},"minecraft:dropped":{"minecraft:furnace":1,"undead_revamp2:arapholia":4,"minecraft:stick":7,"minecraft:spruce_trapdoor":1,"minecraft:spruce_planks":17,"minecraft:snowball":2,"minecraft:ladder":3,"minecraft:spider_eye":1,"minecraft:arrow":8,"minecraft:bow":1,"minecraft:stone_pickaxe":1,"minecraft:bone":1},"minecraft:custom":{"minecraft:interact_with_furnace":12,"minecraft:mob_kills":44,"minecraft:interact_with_crafting_table":28,"minecraft:leave_game":3,"minecraft:time_since_death":85397,"minecraft:climb_one_cm":9980,"minecraft:time_since_rest":85397,"minecraft:sprint_one_cm":127761,"minecraft:damage_taken":770,"minecraft:walk_one_cm":443859,"minecraft:drop":14,"minecraft:damage_dealt":8041,"minecraft:swim_one_cm":24419,"minecraft:fly_one_cm":135400,"minecraft:open_chest":9,"minecraft:crouch_one_cm":5741,"minecraft:play_time":85397,"minecraft:sneak_time":1898,"minecraft:walk_under_water_one_cm":7573,"minecraft:jump":874,"minecraft:walk_on_water_one_cm":17800,"minecraft:total_world_time":85397,"minecraft:fall_one_cm":9537},"minecraft:killed":{"minecraft:pig":8,"undead_revamp2:theimmortal":5,"undead_revamp2:the_moonflower":2,"minecraft:spider":2,"undead_revamp2:thesmoker":1,"minecraft:creeper":1,"minecraft:squid":2,"minecraft:sheep":3,"minecraft:skeleton":8,"minecraft:zombie":3,"minecraft:chicken":1,"undead_revamp2:therod":1,"undead_revamp2:thehorrors":1,"minecraft:cow":4,"minecraft:enderman":1},"minecraft:mined":{"undead_revamp2:arapholia":1,"minecraft:spruce_planks":8,"minecraft:gray_concrete":5,"minecraft:dandelion":1,"minecraft:crafting_table":2,"minecraft:spruce_trapdoor":4,"minecraft:ladder":2,"minecraft:granite":6,"minecraft:grass_block":54,"minecraft:poppy":1,"minecraft:tall_grass":5,"minecraft:cobblestone":1,"minecraft:spruce_leaves":8,"minecraft:lapis_ore":3,"minecraft:sugar_cane":5,"minecraft:wall_torch":1,"minecraft:large_fern":1,"minecraft:snow":6,"minecraft:wheat":8,"minecraft:sweet_berry_bush":26,"minecraft:spruce_log":52,"minecraft:grass":39,"minecraft:coal_ore":20,"minecraft:sand":27,"minecraft:gravel":27,"minecraft:dirt":109,"minecraft:stone":155,"minecraft:spruce_slab":21,"minecraft:fern":2},"minecraft:crafted":{"minecraft:black_dye":2,"minecraft:wooden_shovel":1,"minecraft:stone_shovel":2,"minecraft:cooked_porkchop":7,"minecraft:crafting_table":1,"minecraft:spruce_planks":124,"minecraft:wooden_pickaxe":1,"minecraft:furnace":2,"minecraft:gray_concrete_powder":32,"minecraft:gray_dye":4,"minecraft:bone_meal":18,"minecraft:stone_axe":3,"minecraft:bread":2,"minecraft:air":0,"minecraft:spruce_trapdoor":2,"minecraft:spruce_stairs":8,"minecraft:white_concrete_powder":8,"minecraft:charcoal":15,"minecraft:white_dye":3,"minecraft:ladder":6,"minecraft:spruce_slab":24,"minecraft:stick":44,"minecraft:stone_pickaxe":3,"minecraft:wooden_axe":1,"minecraft:chest":2,"minecraft:torch":16,"minecraft:stone_hoe":1},"minecraft:picked_up":{"minecraft:crafting_table":2,"minecraft:wheat":8,"minecraft:chicken":1,"minecraft:ladder":1,"minecraft:leather":3,"minecraft:gray_concrete":5,"minecraft:lapis_lazuli":13,"minecraft:dirt":174,"minecraft:bone":8,"minecraft:bow":1,"minecraft:wheat_seeds":26,"minecraft:spruce_planks":10,"minecraft:beef":9,"minecraft:poppy":1,"minecraft:spruce_slab":23,"minecraft:sugar_cane":13,"minecraft:spruce_trapdoor":4,"minecraft:stick":5,"minecraft:sweet_berries":111,"minecraft:torch":3,"minecraft:dandelion":1,"minecraft:sand":26,"minecraft:gravel":26,"minecraft:porkchop":14,"minecraft:ink_sac":2,"minecraft:spruce_sapling":13,"minecraft:spruce_log":51,"minecraft:spider_eye":1,"minecraft:arrow":10,"minecraft:rotten_flesh":2,"minecraft:granite":6,"minecraft:snowball":2,"minecraft:mutton":4,"minecraft:music_disc_wait":1,"undead_revamp2:arapholia":6,"minecraft:coal":21,"minecraft:white_wool":3,"minecraft:cobblestone":152}},"DataVersion":3465}