{"stats":{"minecraft:picked_up":{"minecraft:crafting_table":1,"minecraft:gravel":22,"minecraft:spruce_log":25,"minecraft:dirt":11,"minecraft:snowball":94,"minecraft:cobblestone":36},"minecraft:used":{"minecraft:wooden_axe":20,"minecraft:wooden_pickaxe":36,"minecraft:wooden_shovel":59,"minecraft:gravel":13,"minecraft:torch":2,"minecraft:dirt":11,"minecraft:crafting_table":2,"minecraft:furnace":1,"minecraft:snowball":2,"minecraft:spruce_log":2},"minecraft:custom":{"minecraft:time_since_rest":8498,"minecraft:sprint_one_cm":291,"minecraft:interact_with_furnace":3,"minecraft:walk_one_cm":23706,"minecraft:fly_one_cm":364,"minecraft:interact_with_crafting_table":3,"minecraft:crouch_one_cm":484,"minecraft:play_time":8498,"minecraft:sneak_time":279,"minecraft:jump":29,"minecraft:leave_game":2,"minecraft:time_since_death":8498,"minecraft:total_world_time":8498,"minecraft:fall_one_cm":209},"minecraft:mined":{"minecraft:snow_block":24,"minecraft:snow":2,"minecraft:spruce_log":26,"minecraft:crafting_table":1,"minecraft:gravel":22,"minecraft:dirt":11,"minecraft:spruce_leaves":2,"minecraft:stone":36},"minecraft:broken":{"minecraft:wooden_shovel":1},"minecraft:crafted":{"minecraft:wooden_shovel":1,"minecraft:charcoal":13,"minecraft:crafting_table":1,"minecraft:spruce_planks":28,"minecraft:stick":8,"minecraft:wooden_pickaxe":1,"minecraft:wooden_axe":1,"minecraft:snow_block":23,"minecraft:furnace":1,"minecraft:torch":8,"minecraft:air":0}},"DataVersion":3465}