{"stats":{"minecraft:killed":{"minecraft:witch":1,"undead_revamp2:theimmortal":5,"minecraft:spider":2,"undead_revamp2:thesmoker":1,"minecraft:skeleton":10,"minecraft:chicken":1,"undead_revamp2:therod":1,"undead_revamp2:thehorrors":1,"minecraft:pig":8,"undead_revamp2:the_moonflower":2,"undead_revamp2:thebeartamer":1,"minecraft:creeper":1,"minecraft:squid":4,"minecraft:sheep":3,"minecraft:zombie":4,"minecraft:enderman":1,"minecraft:cow":4},"minecraft:killed_by":{"minecraft:player":1,"undead_revamp2:thebeartamer":1},"minecraft:crafted":{"minecraft:black_dye":6,"minecraft:light_gray_concrete_powder":8,"minecraft:stone_shovel":2,"minecraft:furnace":2,"minecraft:gray_dye":4,"minecraft:bone_meal":24,"minecraft:hopper":1,"minecraft:spruce_stairs":8,"minecraft:white_concrete_powder":8,"minecraft:ladder":42,"minecraft:spruce_slab":30,"minecraft:stone_pickaxe":3,"minecraft:chest":4,"minecraft:stone_hoe":1,"minecraft:red_dye":1,"minecraft:wooden_shovel":1,"minecraft:cooked_porkchop":7,"minecraft:crafting_table":1,"minecraft:spruce_planks":208,"minecraft:wooden_pickaxe":1,"minecraft:iron_helmet":1,"minecraft:gray_concrete_powder":32,"minecraft:stone_axe":3,"minecraft:bread":8,"minecraft:air":0,"minecraft:spruce_trapdoor":4,"minecraft:charcoal":15,"minecraft:white_dye":9,"minecraft:stick":136,"minecraft:wooden_axe":1,"cgm:pistol":1,"minecraft:light_gray_dye":3,"minecraft:torch":48},"minecraft:picked_up":{"minecraft:charcoal":7,"minecraft:crafting_table":2,"minecraft:wheat":34,"minecraft:ladder":25,"minecraft:chicken":1,"minecraft:string":7,"minecraft:cobbled_deepslate":1,"minecraft:spruce_planks":12,"minecraft:beef":9,"minecraft:iron_nugget":14,"minecraft:poppy":1,"minecraft:spruce_slab":26,"minecraft:sugar_cane":61,"minecraft:spruce_trapdoor":4,"minecraft:stick":7,"minecraft:torch":13,"minecraft:porkchop":14,"minecraft:diorite":8,"minecraft:black_dye":6,"minecraft:arrow":13,"minecraft:rotten_flesh":7,"minecraft:gold_ingot":1,"minecraft:music_disc_wait":1,"minecraft:mutton":4,"minecraft:snowball":2,"undead_revamp2:arapholia":6,"minecraft:white_wool":3,"minecraft:cobblestone":157,"minecraft:leather":3,"minecraft:light_gray_dye":4,"minecraft:lapis_lazuli":28,"minecraft:gray_concrete":57,"minecraft:dirt":203,"minecraft:bone":10,"minecraft:bow":1,"minecraft:wheat_seeds":97,"minecraft:spore_blossom":1,"minecraft:stone_pickaxe":2,"minecraft:iron_ingot":59,"minecraft:iron_sword":2,"minecraft:sweet_berries":148,"minecraft:dandelion":1,"minecraft:gravel":26,"minecraft:sand":28,"minecraft:spruce_sapling":14,"minecraft:ink_sac":6,"minecraft:spruce_log":72,"minecraft:spider_eye":1,"minecraft:light_gray_concrete":3,"cgm:pistol":3,"minecraft:diamond":4,"minecraft:stone_axe":2,"minecraft:granite":52,"minecraft:emerald":10,"minecraft:bread":1,"minecraft:coal":43,"minecraft:hopper":1},"minecraft:used":{"minecraft:stone_shovel":103,"minecraft:spruce_slab":47,"minecraft:ladder":19,"minecraft:chest":3,"minecraft:spruce_planks":32,"minecraft:iron_sword":22,"minecraft:wooden_shovel":59,"minecraft:stone_hoe":82,"minecraft:torch":26,"minecraft:dirt":159,"minecraft:hopper":2,"minecraft:spruce_stairs":3,"minecraft:wooden_axe":17,"minecraft:gray_concrete_powder":15,"minecraft:sweet_berries":119,"minecraft:furnace":1,"minecraft:wheat_seeds":95,"minecraft:stone_pickaxe":247,"minecraft:wooden_pickaxe":44,"minecraft:sugar_cane":13,"minecraft:crafting_table":3,"minecraft:light_gray_concrete_powder":3,"minecraft:gray_concrete":26,"minecraft:bread":6,"minecraft:spore_blossom":1,"minecraft:spruce_trapdoor":6,"minecraft:gravel":1,"minecraft:stone_axe":250,"minecraft:cobblestone":14,"minecraft:cooked_porkchop":4,"minecraft:dandelion":1,"minecraft:bone_meal":15},"minecraft:mined":{"undead_revamp2:arapholia":1,"minecraft:spruce_planks":10,"minecraft:spruce_trapdoor":4,"minecraft:ladder":2,"minecraft:granite":52,"minecraft:grass_block":61,"minecraft:spruce_leaves":10,"minecraft:hopper":1,"minecraft:large_fern":1,"minecraft:spore_blossom":1,"minecraft:snow":6,"minecraft:light_gray_concrete":3,"minecraft:packed_ice":3,"minecraft:stone":160,"minecraft:spruce_slab":24,"minecraft:gray_concrete":24,"minecraft:dandelion":1,"minecraft:crafting_table":2,"minecraft:poppy":1,"minecraft:tall_grass":5,"minecraft:cobblestone":1,"minecraft:lapis_ore":3,"minecraft:sugar_cane":5,"minecraft:diorite":8,"minecraft:wall_torch":1,"minecraft:wheat":35,"minecraft:sweet_berry_bush":40,"minecraft:spruce_log":73,"minecraft:grass":39,"minecraft:coal_ore":20,"minecraft:gravel":27,"minecraft:sand":27,"minecraft:dirt":114,"minecraft:fern":2},"minecraft:custom":{"minecraft:mob_kills":51,"minecraft:interact_with_crafting_table":46,"minecraft:leave_game":9,"minecraft:time_since_death":12119,"minecraft:climb_one_cm":18624,"minecraft:sprint_one_cm":255940,"minecraft:walk_one_cm":611149,"minecraft:drop":33,"minecraft:play_time":138822,"minecraft:deaths":2,"minecraft:sneak_time":3117,"minecraft:walk_under_water_one_cm":15366,"minecraft:jump":1618,"minecraft:walk_on_water_one_cm":36227,"minecraft:total_world_time":138822,"minecraft:interact_with_furnace":16,"minecraft:sleep_in_bed":2,"minecraft:time_since_rest":12148,"minecraft:damage_taken":1505,"minecraft:damage_dealt":9384,"minecraft:swim_one_cm":43347,"minecraft:fly_one_cm":308784,"minecraft:open_chest":30,"minecraft:crouch_one_cm":8665,"minecraft:fall_one_cm":17353},"minecraft:dropped":{"minecraft:bread":3,"minecraft:cooked_porkchop":3,"minecraft:stick":7,"minecraft:gray_concrete":3,"minecraft:snowball":2,"minecraft:bone":1,"minecraft:furnace":1,"undead_revamp2:arapholia":4,"minecraft:filled_map":1,"minecraft:spruce_trapdoor":1,"minecraft:spruce_planks":17,"minecraft:ladder":12,"minecraft:spider_eye":1,"minecraft:bow":1,"minecraft:arrow":8,"minecraft:stone_pickaxe":1},"minecraft:broken":{"minecraft:wooden_shovel":1,"minecraft:stone_pickaxe":1,"minecraft:stone_axe":2}},"DataVersion":3465}