{"stats":{"minecraft:used":{"minecraft:wooden_axe":17,"minecraft:stone_pickaxe":131,"minecraft:spruce_slab":28,"minecraft:ladder":4,"minecraft:spruce_planks":15,"minecraft:spruce_trapdoor":3,"minecraft:wooden_pickaxe":24,"minecraft:gravel":1,"minecraft:wooden_shovel":59,"minecraft:stone_axe":70,"minecraft:torch":9,"minecraft:dirt":53,"minecraft:cobblestone":12,"minecraft:sweet_berries":17,"minecraft:crafting_table":3,"minecraft:furnace":1,"minecraft:spruce_stairs":3},"minecraft:broken":{"minecraft:stone_pickaxe":1,"minecraft:wooden_shovel":1},"minecraft:custom":{"minecraft:time_since_rest":27956,"minecraft:interact_with_furnace":7,"minecraft:sprint_one_cm":17850,"minecraft:damage_taken":90,"minecraft:walk_one_cm":134427,"minecraft:mob_kills":10,"minecraft:damage_dealt":1983,"minecraft:interact_with_crafting_table":13,"minecraft:fly_one_cm":7600,"minecraft:crouch_one_cm":2859,"minecraft:play_time":27956,"minecraft:sneak_time":848,"minecraft:jump":222,"minecraft:leave_game":1,"minecraft:walk_on_water_one_cm":606,"minecraft:time_since_death":27956,"minecraft:climb_one_cm":4433,"minecraft:total_world_time":27956,"minecraft:fall_one_cm":4012},"minecraft:killed":{"minecraft:zombie":1,"minecraft:pig":4,"undead_revamp2:the_moonflower":2,"undead_revamp2:therod":1,"undead_revamp2:thehorrors":1,"minecraft:enderman":1},"minecraft:mined":{"minecraft:spruce_planks":1,"minecraft:spruce_log":46,"minecraft:spruce_trapdoor":2,"minecraft:crafting_table":2,"minecraft:ladder":2,"minecraft:granite":6,"minecraft:coal_ore":20,"minecraft:grass_block":16,"minecraft:gravel":7,"minecraft:dirt":66,"minecraft:cobblestone":1,"minecraft:spruce_leaves":5,"minecraft:lapis_ore":3,"minecraft:stone":125,"minecraft:spruce_slab":9},"minecraft:crafted":{"minecraft:spruce_trapdoor":2,"minecraft:spruce_stairs":8,"minecraft:wooden_shovel":1,"minecraft:charcoal":15,"minecraft:crafting_table":1,"minecraft:ladder":6,"minecraft:spruce_slab":18,"minecraft:spruce_planks":80,"minecraft:stick":36,"minecraft:wooden_pickaxe":1,"minecraft:stone_pickaxe":1,"minecraft:wooden_axe":1,"minecraft:furnace":1,"minecraft:torch":16,"minecraft:stone_axe":1,"minecraft:air":0},"minecraft:picked_up":{"minecraft:stick":1,"minecraft:crafting_table":2,"minecraft:ladder":1,"minecraft:sweet_berries":22,"minecraft:torch":1,"minecraft:gravel":7,"minecraft:porkchop":7,"minecraft:spruce_sapling":10,"minecraft:spruce_log":46,"minecraft:lapis_lazuli":13,"minecraft:dirt":96,"minecraft:spruce_planks":1,"minecraft:granite":6,"minecraft:spruce_slab":10,"undead_revamp2:arapholia":1,"minecraft:coal":21,"minecraft:spruce_trapdoor":2,"minecraft:cobblestone":122}},"DataVersion":3465}