{"stats":{"minecraft:killed":{"minecraft:chicken":3},"minecraft:mined":{"minecraft:grass":9},"minecraft:custom":{"minecraft:jump":39,"minecraft:time_since_rest":1613,"minecraft:damage_taken":55,"minecraft:damage_dealt":120,"minecraft:crouch_one_cm":63,"minecraft:sprint_one_cm":5843,"minecraft:leave_game":2,"minecraft:play_time":1613,"minecraft:time_since_death":1613,"minecraft:walk_one_cm":8392,"minecraft:sneak_time":5,"minecraft:total_world_time":1613,"minecraft:mob_kills":3,"minecraft:fall_one_cm":1240,"minecraft:fly_one_cm":9820},"minecraft:picked_up":{"minecraft:feather":4,"minecraft:chicken":3}},"DataVersion":3465}